entry_id,site,username,password
1,portal-example01.com,user_01,passw0rd!01a
2,login-example02.net,user_02,passw0rd!02b
3,account-example03.org,user_03,passw0rd!03c
4,secure-example04.com,user_04,passw0rd!04d
5,auth-example05.net,user_05,passw0rd!05e
6,portal-example06.org,user_06,passw0rd!06f
7,login-example07.com,user_07,passw0rd!07g
8,account-example08.net,user_08,passw0rd!08h
9,secure-example09.org,user_09,passw0rd!09i
10,auth-example10.com,user_10,passw0rd!10j
11,portal-example11.net,user_11,passw0rd!11k
12,login-example12.org,user_12,passw0rd!12l
13,account-example13.com,user_13,passw0rd!13m
14,secure-example14.net,user_14,passw0rd!14n
15,auth-example15.org,user_15,passw0rd!15o
16,portal-example16.com,user_16,passw0rd!16p
17,login-example17.net,user_17,passw0rd!17q
18,account-example18.org,user_18,passw0rd!18r
19,secure-example19.com,user_19,passw0rd!19s
20,auth-example20.net,user_20,passw0rd!20t
21,portal-example21.org,user_21,passw0rd!21u
22,login-example22.com,user_22,passw0rd!22v
23,account-example23.net,user_23,passw0rd!23w
24,secure-example24.org,user_24,passw0rd!24x
25,auth-example25.com,user_25,passw0rd!25y
26,portal-example26.net,user_26,passw0rd!26z
27,login-example27.org,user_27,passw0rd!27a
28,account-example28.com,user_28,passw0rd!28b
29,secure-example29.net,user_29,passw0rd!29c
30,auth-example30.org,user_30,passw0rd!30d
31,portal-example31.com,user_31,passw0rd!31e
32,login-example32.net,user_32,passw0rd!32f
33,account-example33.org,user_33,passw0rd!33g
34,secure-example34.com,user_34,passw0rd!34h
35,auth-example35.net,user_35,passw0rd!35i
36,portal-example36.org,user_36,passw0rd!36j
37,login-example37.com,user_37,passw0rd!37k
38,account-example38.net,user_38,passw0rd!38l
39,secure-example39.org,user_39,passw0rd!39m
40,auth-example40.com,user_40,passw0rd!40n
41,portal-example41.net,user_41,passw0rd!41o
42,login-example42.org,user_42,passw0rd!42p
43,account-example43.com,user_43,passw0rd!43q
44,secure-example44.net,user_44,passw0rd!44r
45,auth-example45.org,user_45,passw0rd!45s
46,portal-example46.com,user_46,passw0rd!46t
47,login-example47.net,user_47,passw0rd!47u
48,account-example48.org,user_48,passw0rd!48v
49,secure-example49.com,user_49,passw0rd!49w
50,auth-example50.net,user_50,passw0rd!50x
51,portal-example51.org,user_51,passw0rd!51y
52,login-example52.com,user_52,passw0rd!52z
53,account-example53.net,user_53,passw0rd!53a
54,secure-example54.org,user_54,passw0rd!54b
55,auth-example55.com,user_55,passw0rd!55c
56,portal-example56.net,user_56,passw0rd!56d
57,login-example57.org,user_57,passw0rd!57e
58,account-example58.com,user_58,passw0rd!58f
59,secure-example59.net,user_59,passw0rd!59g
60,auth-example60.org,user_60,passw0rd!60h
61,portal-example61.com,user_61,passw0rd!61i
62,login-example62.net,user_62,passw0rd!62j
63,account-example63.org,user_63,passw0rd!63k
64,secure-example64.com,user_64,passw0rd!64l
65,auth-example65.net,user_65,passw0rd!65m
66,portal-example66.org,user_66,passw0rd!66n
67,login-example67.com,user_67,passw0rd!67o
68,account-example68.net,user_68,passw0rd!68p
69,secure-example69.org,user_69,passw0rd!69q
70,auth-example70.com,user_70,passw0rd!70r
